{"cameraMode":{"drawMode":0,"name":"Shaded","section":"Shading Mode"},"sceneLighting":false,"audioPlay":false,"sceneViewState":{"showFog":true,"showMaterialUpdate":true,"showSkybox":false,"showFlares":true,"showImageEffects":true,"showParticleSystems":true,"showVisualEffectGraphs":true,"m_FxEnabled":true},"in2DMode":false,"pivot":{"x":-0.149333193898201,"y":0.014349544420838356,"z":-0.1658109724521637},"rotation":{"x":0.32285016775131228,"y":-0.02017241343855858,"z":0.006886915769428015,"w":0.9462364315986633},"size":3.794879198074341,"orthographic":false}