{"cameraMode":{"drawMode":0,"name":"Shaded","section":"Shading Mode"},"sceneLighting":false,"audioPlay":false,"sceneViewState":{"showFog":true,"showMaterialUpdate":false,"showSkybox":false,"showFlares":true,"showImageEffects":true,"showParticleSystems":true,"showVisualEffectGraphs":true,"m_FxEnabled":true},"in2DMode":false,"pivot":{"x":-1.1920928955078126e-7,"y":0.580508828163147,"z":0.05878929793834686},"rotation":{"x":0.0013875380391255022,"y":0.9963136911392212,"z":-0.0841991975903511,"w":0.016425887122750284},"size":1.004965901374817,"orthographic":false}