{"cameraMode":{"drawMode":0,"name":"Shaded","section":"Shading Mode"},"sceneLighting":false,"audioPlay":false,"sceneViewState":{"showFog":true,"showMaterialUpdate":true,"showSkybox":false,"showFlares":true,"showImageEffects":true,"showParticleSystems":true,"showVisualEffectGraphs":true,"m_FxEnabled":true},"in2DMode":false,"pivot":{"x":2.8937573432922365,"y":1.2972962856292725,"z":-4.40325403213501},"rotation":{"x":-0.20434461534023286,"y":0.013256911188364029,"z":-0.0027659579645842315,"w":-0.9788215756416321},"size":9.078837394714356,"orthographic":false}