{"cameraMode":{"drawMode":0,"name":"Shaded","section":"Shading Mode"},"sceneLighting":false,"audioPlay":false,"sceneViewState":{"showFog":false,"showMaterialUpdate":false,"showSkybox":false,"showFlares":false,"showImageEffects":false,"showParticleSystems":false,"showVisualEffectGraphs":true,"m_FxEnabled":true},"in2DMode":false,"pivot":{"x":8.940696716308594e-8,"y":0.6336727142333984,"z":-0.21189899742603303},"rotation":{"x":0.011515947990119458,"y":-0.9878670573234558,"z":0.12694336473941804,"w":0.08912322670221329},"size":0.8914595246315002,"orthographic":false}